year,rain_mm,rain_pct,temp_anom
1900,376.0,80.7,
1901,404.9,86.9,
1902,319.5,68.6,
1903,520.3,111.6,
1904,505.8,108.5,
1905,332.5,71.4,
1906,490.9,105.3,
1907,460.6,98.8,
1908,458.0,98.3,
1909,443.0,95.1,
1910,535.6,114.9,-0.49
1911,436.9,93.8,-0.67
1912,384.8,82.6,-0.2
1913,444.9,95.5,-0.86
1914,425.0,91.2,0.13
1915,381.8,81.9,0.08
1916,530.6,113.9,-0.57
1917,578.0,124.0,-1.24
1918,430.8,92.4,-0.55
1919,366.0,78.5,-0.15
1920,514.6,110.4,-0.53
1921,550.4,118.1,-0.23
1922,416.2,89.3,-0.47
1923,411.3,88.3,-0.38
1924,409.3,87.8,-0.68
1925,421.4,90.4,-0.77
1926,413.7,88.8,-0.16
1927,417.7,89.6,-0.51
1928,360.4,77.3,0.15
1929,378.5,81.2,-0.86
1930,490.9,105.3,-0.24
1931,435.9,93.5,-0.59
1932,386.1,82.9,-0.42
1933,444.5,95.4,-0.45
1934,438.6,94.1,-0.36
1935,349.7,75.0,-0.5
1936,404.5,86.8,-0.14
1937,385.8,82.8,-0.36
1938,363.7,78.0,0.17
1939,492.4,105.7,-0.62
1940,395.4,84.8,-0.23
1941,480.4,103.1,-0.55
1942,530.8,113.9,0.07
1943,389.5,83.6,-0.63
1944,380.6,81.7,-0.41
1945,410.0,88.0,-0.31
1946,407.1,87.4,-0.74
1947,500.1,107.3,-0.26
1948,385.5,82.7,-0.47
1949,476.9,102.3,-0.95
1950,627.5,134.6,-0.61
1951,369.3,79.2,-0.43
1952,384.0,82.4,-0.44
1953,426.1,91.4,-0.45
1954,460.6,98.8,-0.38
1955,573.2,123.0,-0.32
1956,601.3,129.0,-0.92
1957,388.7,83.4,0.04
1958,418.6,89.8,0.13
1959,414.4,88.9,0.24
1960,458.4,98.4,-0.66
1961,336.1,72.1,0.05
1962,436.4,93.6,-0.11
1963,475.6,102.0,-0.13
1964,426.0,91.4,-0.23
1965,345.7,74.2,0.24
1966,397.6,85.3,-0.5
1967,428.9,92.0,-0.22
1968,544.5,116.8,-0.39
1969,410.8,88.1,-0.03
1970,380.4,81.6,-0.1
1971,486.3,104.4,-0.22
1972,362.3,77.7,0.15
1973,641.1,137.6,0.53
1974,760.6,163.2,-0.7
1975,593.8,127.4,-0.22
1976,523.0,112.2,-0.75
1977,469.9,100.8,-0.03
1978,517.4,111.0,-0.31
1979,451.8,96.9,0.38
1980,429.8,92.2,0.74
1981,527.3,113.2,0.27
1982,415.1,89.1,-0.04
1983,493.0,105.8,0.33
1984,546.5,117.3,-0.38
1985,397.5,85.3,0.21
1986,385.9,82.8,0.22
1987,450.1,96.6,0.18
1988,454.3,97.5,0.74
1989,480.3,103.1,-0.02
1990,413.2,88.7,0.47
1991,460.8,98.9,0.6
1992,447.9,96.1,0.13
1993,488.0,104.7,0.31
1994,338.7,72.7,0.18
1995,518.1,111.2,0.16
1996,462.3,99.2,0.6
1997,514.2,110.3,0.3
1998,548.9,117.8,0.97
1999,578.8,124.2,0.32
2000,710.6,152.5,-0.04
2001,542.8,116.5,0.05
2002,332.5,71.4,0.71
2003,469.9,100.8,0.7
2004,491.6,105.5,0.54
2005,394.3,84.6,1.17
2006,482.1,103.4,0.5
2007,495.6,106.4,0.76
2008,471.4,101.2,0.45
2009,452.7,97.1,0.93
2010,683.7,146.7,0.34
2011,696.7,149.5,-0.0
2012,471.8,101.2,0.25
2013,422.6,90.7,1.35
2014,473.4,101.6,1.05
2015,436.7,93.7,0.95
2016,532.1,114.2,0.99
2017,494.4,106.1,1.05
2018,405.9,87.1,1.11
2019,275.7,59.2,1.51
2020,486.6,104.4,1.13
2021,507.7,108.9,0.57
2022,589.2,126.4,0.51
2023,473.1,101.5,0.99
2024,601.6,129.1,1.45
2025,505.0,108.4,1.23
