id,col,row,band,band_order,pct_of_land
0,0,0,Under 60%,0,22.2
1,1,0,Under 60%,0,22.2
2,2,0,Under 60%,0,22.2
3,3,0,Under 60%,0,22.2
4,4,0,Under 60%,0,22.2
5,5,0,Under 60%,0,22.2
6,6,0,Under 60%,0,22.2
7,7,0,Under 60%,0,22.2
8,8,0,Under 60%,0,22.2
9,9,0,Under 60%,0,22.2
10,0,1,Under 60%,0,22.2
11,1,1,Under 60%,0,22.2
12,2,1,Under 60%,0,22.2
13,3,1,Under 60%,0,22.2
14,4,1,Under 60%,0,22.2
15,5,1,Under 60%,0,22.2
16,6,1,Under 60%,0,22.2
17,7,1,Under 60%,0,22.2
18,8,1,Under 60%,0,22.2
19,9,1,Under 60%,0,22.2
20,0,2,Under 60%,0,22.2
21,1,2,Under 60%,0,22.2
22,2,2,60–80%,1,27.6
23,3,2,60–80%,1,27.6
24,4,2,60–80%,1,27.6
25,5,2,60–80%,1,27.6
26,6,2,60–80%,1,27.6
27,7,2,60–80%,1,27.6
28,8,2,60–80%,1,27.6
29,9,2,60–80%,1,27.6
30,0,3,60–80%,1,27.6
31,1,3,60–80%,1,27.6
32,2,3,60–80%,1,27.6
33,3,3,60–80%,1,27.6
34,4,3,60–80%,1,27.6
35,5,3,60–80%,1,27.6
36,6,3,60–80%,1,27.6
37,7,3,60–80%,1,27.6
38,8,3,60–80%,1,27.6
39,9,3,60–80%,1,27.6
40,0,4,60–80%,1,27.6
41,1,4,60–80%,1,27.6
42,2,4,60–80%,1,27.6
43,3,4,60–80%,1,27.6
44,4,4,60–80%,1,27.6
45,5,4,60–80%,1,27.6
46,6,4,60–80%,1,27.6
47,7,4,60–80%,1,27.6
48,8,4,60–80%,1,27.6
49,9,4,60–80%,1,27.6
50,0,5,80–95%,2,20.0
51,1,5,80–95%,2,20.0
52,2,5,80–95%,2,20.0
53,3,5,80–95%,2,20.0
54,4,5,80–95%,2,20.0
55,5,5,80–95%,2,20.0
56,6,5,80–95%,2,20.0
57,7,5,80–95%,2,20.0
58,8,5,80–95%,2,20.0
59,9,5,80–95%,2,20.0
60,0,6,80–95%,2,20.0
61,1,6,80–95%,2,20.0
62,2,6,80–95%,2,20.0
63,3,6,80–95%,2,20.0
64,4,6,80–95%,2,20.0
65,5,6,80–95%,2,20.0
66,6,6,80–95%,2,20.0
67,7,6,80–95%,2,20.0
68,8,6,80–95%,2,20.0
69,9,6,80–95%,2,20.0
70,0,7,95–105%,3,11.0
71,1,7,95–105%,3,11.0
72,2,7,95–105%,3,11.0
73,3,7,95–105%,3,11.0
74,4,7,95–105%,3,11.0
75,5,7,95–105%,3,11.0
76,6,7,95–105%,3,11.0
77,7,7,95–105%,3,11.0
78,8,7,95–105%,3,11.0
79,9,7,95–105%,3,11.0
80,0,8,95–105%,3,11.0
81,1,8,105–120%,4,9.3
82,2,8,105–120%,4,9.3
83,3,8,105–120%,4,9.3
84,4,8,105–120%,4,9.3
85,5,8,105–120%,4,9.3
86,6,8,105–120%,4,9.3
87,7,8,105–120%,4,9.3
88,8,8,105–120%,4,9.3
89,9,8,105–120%,4,9.3
90,0,9,120% or more,5,9.9
91,1,9,120% or more,5,9.9
92,2,9,120% or more,5,9.9
93,3,9,120% or more,5,9.9
94,4,9,120% or more,5,9.9
95,5,9,120% or more,5,9.9
96,6,9,120% or more,5,9.9
97,7,9,120% or more,5,9.9
98,8,9,120% or more,5,9.9
99,9,9,120% or more,5,9.9
